{
    "A" : 0.0,
    "PI" : -1.0,
    "PP" : -4.7529517183897567e-06,
    "R_0" : 1.0,
    "c" :
    [
        5875.6034936590559,
        201131.63164937127,
        -191466.97098005487,
        -122464.17681875188,
        118895.89887501781,
        -84545.680434388734,
        -3132.5756495908304,
        0.0,
        0.0,
        0.0,
        0.0,
        0.0
    ],
    "description" : "centeredX",
    "elongation" : 1.0,
    "equilibrium" : "solovev",
    "inverseaspectratio" : 0.2,
    "triangularity" : 0.0,
    "comment": "least squares fit; Matlab geometry file of Torpex equilibrium for Enabling research project: X-point"
}

