{
    "M": 8,
    "N": 16,
    "c": [
        -1.7924574549570393,
        -2.6908116119440537,
        18.91652923679979,
        9.857961303259945,
        -38.82236881551885,
        6.399647456458213,
        -61.1578122963879,
        -116.65814311334387,
        476.10888372901155,
        316.3996915356137,
        -1039.2065271824365,
        -401.54653993127823,
        952.736365696125,
        286.4605621011946,
        -291.14119325358934,
        -109.75842894205874,
        18.775520256812015,
        15.838947969090324,
        -171.96400527100417,
        -53.968306457453465,
        360.85008677786857,
        26.513838923208336,
        -26.817324714079124,
        253.98872325103486,
        -1382.006492065423,
        -730.9553086204032,
        3575.597727905221,
        834.4301128074009,
        -3528.431823023701,
        -687.0461609255354,
        1039.1752106287818,
        425.7904825309077,
        -78.22478433582855,
        -38.081583154837034,
        649.0331745734838,
        102.73696528432937,
        -1262.4235767289883,
        -96.88804657850504,
        650.3741021166202,
        -62.11029716110556,
        697.4094378752806,
        185.21116975776525,
        -3397.4940695064643,
        317.9332218928683,
        4290.988723644605,
        -6.007162764429846,
        -1205.5016744157083,
        -660.6151226657568,
        172.83031194826896,
        45.435867452382475,
        -1318.6560275184643,
        -51.450445983529995,
        2156.224272579774,
        2.4796221555983067,
        -342.86243777943315,
        -95.91529616201822,
        3.8358766634198878,
        474.9644854067418,
        -2.688954279925507,
        -1826.0620803314982,
        -1666.416393933121,
        1373.750694104237,
        448.0224123989502,
        500.7021480647645,
        -219.97804077489536,
        -24.76962533031835,
        1551.6571720243696,
        -76.74113586559157,
        -1864.8624445928444,
        187.18516224298358,
        -2267.8882886970846,
        0.0026438267683078966,
        3309.8829847594448,
        -120.4991619012231,
        0.1748068785890712,
        1307.0310592796673,
        0.015765067137692254,
        -1534.3187419384874,
        0.0004217557921109144,
        -144.19199631693968,
        161.3049017803803,
        1.3249706691388254,
        -1051.5948763746414,
        117.70123339093344,
        687.2397602353518,
        -160.24860064027945,
        4030.0116390616977,
        -87.0785973206589,
        -6174.659082736243,
        -188.78491746061397,
        2184.207663579266,
        -20.87134003652226,
        -24.821957586318774,
        578.9392773668033,
        -87.72116189655672,
        -13.781372040312476,
        -63.15050405266937,
        4.173574669190893,
        378.7579121383289,
        -57.643239226322336,
        8.903531483585857,
        22.82668648912738,
        -2546.143521058105,
        194.50458717167825,
        3901.118296412234,
        -2.4652466049698116,
        -1608.2426226365326,
        -238.91240427796265,
        -183.8267022795688,
        8.824934870682393,
        195.06090189424768,
        -0.0008411551609094274,
        10.21088463034994,
        -1.2251665391200628,
        -55.83034515398162,
        9.546540080242872,
        -48.4032259979929,
        11.119762468901584,
        567.1114946806549,
        -83.29994222539915,
        -833.7984771375191,
        56.6846365766512,
        286.61362999118325,
        41.7917269958301,
        162.57921156064472,
        -30.899909299100127,
        -99.20225510766768,
        4.949601018413472
    ],
    "PP": 1,
    "PI": -0.9995269480500607,
    "R_0": 0.906,
    "elongation": 1.5,
    "triangularity": 0.4,
    "inverseaspectratio": 0.2759381898454746,
    "equilibrium": "polynomial",
    "description": "standardX",
    "comment": "least squares fit; Matlab geometry file of TCV equilibrium for Enabling research project: X-point"
}
