{
    "A": 0.0,
    "R_0": 0.545,
    "PP": 1.0,
    "PI": 1.0,
    "c":
    [
        0.072597888572520090,
        -0.14926096478076946,
        -0.031407992567660930,
        -0.0023298277478519561,
        0.058103163908191134,
        -0.079234863442382291,
        -0.0033337854432893672,
        0.033813030145633505,
        0.37706830466684815,
        -0.17520562483628400,
        -0.051326331829125358,
        0.0061149094270187820
    ],
    "equilibrium": "solovev",
    "description" : "standardX",
    "inverseaspectratio": 0.3211009174311926,
    "triangularity": 0.3,
    "elongation": 1.44,
    "comment" : "Mathematica; eye fit of Fig. 3 in R Panek et al 2015 Plasma Phys. Control. Fusion 58 014015"
}
