{
    "A": 0,
    "R_0": 0.545,
    "PP": 1,
    "PI": 1,
    "c":
    [
        0.085858385692821789,
        0.25157608973291837,
        -0.38061591778794789,
        -0.10218614802095409,
        0.36709261273307433,
        -0.39303943992277839,
        -0.016931807751497822,
        0,
        0,
        0,
        0,
        0
    ],
    "equilibrium": "solovev",
    "description" : "doubleX",
    "inverseaspectratio": 0.3211009174311926,
    "triangularity": 0.3,
    "elongation": 1.44
}
