{
    "A": 3,
    "R_0": 0.545,
    "PP": 1,
    "PI": 1,
    "c":
    [
        0.41608372022149307,
        2.1625827942211879,
        -1.9147375006362442,
        -1.3658500733244855,
        1.3863339844677061,
        -0.99109738332536203,
        -0.036621851306072002,
        0,
        0,
        0,
        0,
        0
    ],
    "equilibrium": "solovev",
    "description" : "doubleX",
    "inverseaspectratio": 0.3211009174311926,
    "triangularity": -0.3,
    "elongation": 1.44
}
