{
    "A" : 0,
    "R_0" : 0.56,
    "PP" : 1.0,
    "PI" : 1.0,
    "c" :
    [
        0.073501144455003997,
        -0.086624174363172268,
        -0.14639315434011027,
        -0.076312371005362756,
        0.090317901137942275,
        -0.091575412390187252,
        -0.0038922829798375643,
        0.042718912250764178,
        0.22755456460027912,
        -0.13047241360177694,
        -0.030069741084769553,
        0.004212671892103931
    ],
    "description": "standardX",
    "elongation" : 1.75,
    "equilibrium" : "solovev",
    "inverseaspectratio" : 0.41071428571428575,
    "triangularity" : 0.47,
    "comment" : "Mathematica; geometry_params_Xpoint.json in Feltor"
}
