{
    "A" : 0.0,
    "R_0" : 0.56,
    "PP" : 1.0,
    "PI" : 1.0,
    "c" :
    [
        0.030424466843151129,
        -0.13681472157353425,
        0.056960147743825802,
        -0.058578244087612377,
        0.0068205264010309449,
        -0.0015264864090282671,
        -4.762746269171711e-05,
        0,
        0,
        0,
        0,
        0
    ],
    "description": "standardO",
    "elongation" : 1.0,
    "equilibrium" : "solovev",
    "inverseaspectratio" : 0.41071400000000002,
    "triangularity" : 0.0
}
