{
    "A" : 0,
    "R_0" : 0.56,
    "PP" : 1.0,
    "PI" : 1.0,
    "c" :
    [
        0.070939743852761666,
        -0.20083199571755916,
        -0.050072934551939126,
        -0.04791943728672915,
        0.005494294955864675,
        -0.004888694595536377,
        -0.00012872844013466742,
        0,
        0,
        0,
        0,
        0
    ],
    "description" : "standardO",
    "elongation" : 1.75,
    "equilibrium" : "solovev",
    "inverseaspectratio" : 0.41071400000000002,
    "triangularity" : 0.47
}
