{
    "A" : 1,
    "R_0" : 0.56,
    "PP" : 1.0,
    "PI" : 1.0,
    "c" :
    [
        0.1042258469898235,
        -0.10978486643179905,
        0.17290644239764172,
        -0.032573200490467011,
        0.010084171188467612,
        -0.0033426939773477794,
        -0.00010801904592074435,
        0,
        0,
        0,
        0,
        0
    ],
    "elongation" : 1,
    "equilibrium" : "solovev",
    "description" : "standardO",
    "inverseaspectratio" : 0.41071400000000002,
    "triangularity" : 0
}
