{
    "A" : 1,
    "R_0" : 0.56,
    "PP" : 1.0,
    "PI" : 1.0,
    "c" :
    [
        0.16697125491319878,
        -0.17638507775174733,
        -0.041248582024028618,
        -0.055168851771574198,
        -0.00030655829806854821,
        0.0051053219660717412,
        0.00017388453977930073,
        0,
        0,
        0,
        0,
        0
    ],
    "elongation" : 1.75,
    "equilibrium" : "solovev",
    "description" : "standardO",
    "inverseaspectratio" : 0.41071400000000002,
    "triangularity" : 0.47
}
