{
    "M": 8,
    "N": 16,
    "c": [
        -2.2432533894861724,
        -3.6244382691997026,
        29.10698618190342,
        13.826444379362352,
        -69.67969617132073,
        -5.652011405416922,
        -49.86061182749089,
        -60.106594192084415,
        646.2612020791598,
        108.4524624893603,
        -1803.5295174752007,
        2.759163401765686,
        2207.754729967693,
        -75.37111551920096,
        -964.9149307824395,
        4.895677395619085,
        22.383406300702525,
        23.020758777143485,
        -253.0397349510831,
        -80.21179442167004,
        609.6318379526941,
        81.46026329148408,
        -265.03325965373523,
        26.148489615670513,
        -1620.0084307056725,
        138.2845900686772,
        6477.82028817933,
        -881.2366082869348,
        -9643.722615048699,
        803.9355735450108,
        4704.488161768093,
        -0.37896723833751755,
        -90.51756669955539,
        -61.27480247431519,
        917.2434015367564,
        174.0086561668962,
        -2017.1837230570925,
        -175.8171736187338,
        1290.9856793497825,
        204.37711361335784,
        -0.06569806175308752,
        -980.577001546187,
        -6478.175775643659,
        2645.103772276703,
        15411.051720609672,
        -1792.4701454768667,
        -9083.133196178738,
        -356.93270801726703,
        195.9583441965879,
        86.20521289080452,
        -1797.5786462835695,
        -152.42887652255715,
        3242.018206746109,
        -0.13665375733331006,
        -134.385565539296,
        -60.85164271819579,
        318.5637802628649,
        848.6401742080011,
        4.2004632105269595,
        -2486.335101993938,
        -10667.528676142014,
        1180.4822231800833,
        8847.27190891588,
        1153.7746653818601,
        -245.94052193611995,
        -66.88487653820457,
        2050.677241874064,
        0.8076349650862578,
        -2570.959558295546,
        309.7861938899382,
        -5032.497328553932,
        -242.99708740561005,
        7497.103705836306,
        4.62830013962642,
        0.06257916785211418,
        708.9440646578411,
        2802.724047888267,
        66.21813274628248,
        -4436.675008669621,
        -1325.233784781785,
        178.6799152970502,
        26.885945286691516,
        -1355.057665375334,
        88.41120210194893,
        755.76378642854,
        -294.2533564992504,
        7993.787034371538,
        0.21721238185446382,
        -13620.38383089669,
        163.00455713581053,
        5407.185588809212,
        -256.7241466105823,
        -198.185696084389,
        1.1039778765712494,
        753.28355243209,
        571.4061158235043,
        -69.55687117312222,
        -4.266571451620977,
        478.4051802048029,
        -54.490975071994406,
        144.40907151971746,
        82.68461112661296,
        -4870.035260908158,
        249.0631122890378,
        8708.857017249473,
        -513.2897628522204,
        -4763.070103334648,
        507.6034740102208,
        84.13516090246789,
        -354.9610382318868,
        332.6581128531473,
        0.021048638924435096,
        11.21256153077937,
        -0.05511859668110762,
        -69.43508021246438,
        10.117057093222261,
        -95.30534183429577,
        1.3052709959925861,
        1069.650957622234,
        -112.31355833904892,
        -1932.2243709292704,
        221.04403701899776,
        1153.9563807224602,
        -225.68027336085018,
        7.106067617365269,
        160.2170776591133,
        -154.47388501249432,
        -44.27203195350139
    ],
    "PP": 1,
    "PI": -0.9979430397788247,
    "R_0": 0.91,
    "elongation": 1.5,
    "triangularity": 0.4,
    "inverseaspectratio": 0.2747252747252747,
    "equilibrium": "polynomial",
    "description": "standardX",
    "comment": "least squares fit; Matlab geometry file of TCV equilibrium for Enabling research project: X-point"
}
