{
    "A": 3,
    "R_0": 0.545,
    "PP": 1,
    "PI": 1,
    "c":
    [
        0.34870122274051450,
        0.98220459290020629,
        -0.68077715847581238,
        -0.60521719703178624,
        0.68984153987064337,
        -0.50588964275569630,
        -0.018747407206198911,
        0.35734320719828156,
        0.84625269368035338,
        -0.78045762019506624,
        -0.18947701868309842,
        0.014397033590910778
    ],
    "equilibrium": "solovev",
    "description" : "standardX",
    "inverseaspectratio": 0.3211009174311926,
    "triangularity": -0.3,
    "elongation": 1.44,
    "comment" : "Attention: Ipol can become NaN in corner regions outside LCFS"
}
