{
    "A" : 0,
    "PP" : 1.0,
    "PI" : 1.0,
    "R_0" : 0.6,
    "c" :
    [
        0.46336723957423803,
        6.6520272845444728,
        -6.7194210912188685,
        -2.934037238062515,
        4.8109313329041603,
        -4.3158354788416862,
        -0.17800585092655841,
        0.9711208305337713,
        4.7476496063147522,
        -2.8565029434999851,
        -0.70602430048822562,
        0.080129610115224639
    ],
    "description": "standardX",
    "elongation" : 1.75,
    "equilibrium" : "solovev",
    "inverseaspectratio" : 0.16666666666666667,
    "triangularity" : 0.47,
    "comment" : "Mathematica; used in Wiesenberger 2014, PhD thesis"
}
