{
    "A" : 1.0,
    "PP" : 1.0,
    "PI" : 1.0,
    "R_0" : 0.6,
    "c" :
    [
        5.7815223423311961,
        107.23565735140576,
        -105.57160684057777,
        -52.573453275104946,
        72.064171633423143,
        -60.449864359846785,
        -2.4170749524513462,
        11.87954516122273,
        48.789279014811996,
        -32.206033402915885,
        -8.0975029164673717,
        0.80857417394434761
    ],
    "description": "standardX",
    "elongation" : 1.0,
    "equilibrium" : "solovev",
    "inverseaspectratio" : 0.16666666666666667,
    "triangularity" : 0.0
}
