{
    "A" : 1.0,
    "PP" : 1.0,
    "PI" : 1.0,
    "R_0" : 0.6,
    "c" :
    [
        0.62441457603496275,
        7.5318800772466554,
        -7.547375387457544,
        -3.2703140836473956,
        5.4353137376641429,
        -4.8955157156458045,
        -0.20272328951891239,
        1.1256289640293655,
        5.5238165763751219,
        -3.3170307648468373,
        -0.81949986841390965,
        0.093267364077259829
    ],
    "description": "standardX",
    "elongation" : 1.75,
    "equilibrium" : "solovev",
    "inverseaspectratio" : 0.16666666666666667,
    "triangularity" : 0.47
}
