{
    "A" : 1,
    "PP" : 1.0,
    "PI" : 1.0,
    "R_0" : 0.6,
    "c" :
    [
        0.13104522088367695,
        -0.10513240976109826,
        0.18280671446685226,
        -0.029927299945487217,
        0.0090317189835427015,
        -0.0029117444247665912,
        -9.3953073792709464e-05,
        0,
        0,
        0,
        0,
        0
    ],
    "description": "standardO",
    "elongation" : 1.0,
    "equilibrium" : "solovev",
    "inverseaspectratio" : 0.16666700000000001,
    "triangularity" : 0.0
}
