{
    "A" : 0,
    "R_0" : 1.65,
    "PP" : 1.0,
    "PI" : 1.0,
    "c" :
    [
        0.086197352476631198,
        -0.18874126961923945,
        -0.057237733827646624,
        -0.04990713217113054,
        0.0060354783276685905,
        -0.0049728588841788319,
        -0.00013303465906421016,
        0,
        0,
        0,
        0,
        0
    ],
    "elongation" : 1.7,
    "equilibrium" : "solovev",
    "description": "standardO",
    "inverseaspectratio" : 0.303030303,
    "triangularity" : 0.33000000000000002
}
