{
    "A" : 0,
    "R_0" : 1.65,
    "PP" : 1.0,
    "PI" : 1.0,
    "c" :
    [
        0.11478293172800294,
        0.52412736592005182,
        -0.71111779133980113,
        -0.31566524971865934,
        0.51790804371782184,
        -0.47954247708456949,
        -0.019913998397477126,
        0.19202870750768056,
        0.94413725436076845,
        -0.56572773846516144,
        -0.13835177447024941,
        0.016216674967513847
    ],
    "elongation" : 1.7,
    "description": "standardX",
    "equilibrium" : "solovev",
    "inverseaspectratio" : 0.303030303,
    "triangularity" : 0.33000000000000002
}
