{
    "A" : 0,
    "PP" : 1.0,
    "PI" : 1.0,
    "R_0" : 0.6,
    "c" :
    [
        0.58136855188608583,
        9.2360756664978574,
        -9.1888338426687337,
        -4.1872227595243885,
        6.544638217090343,
        -5.7648048417281998,
        -0.23576721602133818,
        1.3692553155542757,
        6.3214049719456709,
        -3.9167432232703687,
        -0.97303855303064757,
        0.10615175705576452
    ],
    "description": "standardX",
    "elongation" : 1.7,
    "equilibrium" : "solovev",
    "inverseaspectratio" : 0.16666666666666667,
    "triangularity" : 0.33
}
