{
    "A" : 0,
    "PP" : 1.0,
    "PI" : 1.0,
    "R_0" : 0.6,
    "c" :
    [
        5.7042819651808871,
        107.36236593223357,
        -105.86452543182655,
        -52.734107534265725,
        72.121722712940269,
        -60.463678386165519,
        -2.4170416502620111,
        11.902582200935424,
        48.790497645792179,
        -32.23803760602042,
        -8.1055041362114899,
        0.80857977523834923
    ],
    "description": "standardX",
    "elongation" : 1.0,
    "equilibrium" : "solovev",
    "inverseaspectratio" : 0.16666666666666667,
    "triangularity" : 0.0
}
