{
    "A" : -2.2727300000000001,
    "PI" : 1.0,
    "PP" : 1.0,
    "R_0" : 0.59999999999999998,
    "c" :
    [
        0.097350225447078387,
        4.6523618465847099,
        -4.8377067815852639,
        -2.1697716799149429,
        3.3918804129949311,
        -2.9983803951958081,
        -0.12182985412574764,
        0.61996598168015504,
        2.9836337652684803,
        -1.8098488040753387,
        -0.44812528247531153,
        0.050271078383326867
    ],
    "description" : "standardX",
    "elongation" : 1.75,
    "equilibrium" : "solovev",
    "inverseaspectratio" : 0.16666666666666667,
    "triangularity" : 0.47
}

