{
    "A" : 1.0,
    "PP" : 1.0,
    "PI" : 1.0,
    "R_0" : 0.6,
    "c" :
    [
        0.13104522088367745,
        -0.1051324097610889,
        0.18280671446684293,
        -0.029927299945492022,
        0.0090317189835488736,
        -0.0029117444247716505,
        -9.395307379290973e-05,
        0,
        0,
        0,
        0,
        0
    ],
    "description": "standardO",
    "elongation" : 1.0,
    "equilibrium" : "solovev",
    "inverseaspectratio" : 0.16666666666666667,
    "triangularity" : 0.0
}
