{
    "A" : -2.2727300000000001,
    "PP" : 1.0,
    "PI" : 1.0,
    "R_0" : 0.6,
    "c" :
    [
        -0.10103131999395527,
        0.43539042944548417,
        -0.83956918209200804,
        -0.42120719110296362,
        0.42119604886920448,
        -0.3318088542561517,
        -0.011829580376497116,
        0,
        0,
        0,
        0,
        0
    ],
    "description": "standardO",
    "elongation" : 1.75,
    "equilibrium" : "solovev",
    "inverseaspectratio" : 0.16666666666666667,
    "triangularity" : 0.47
}
